{
  "4": {
    "transform": {
      "scale_x": 2.403003754693367,
      "scale_y": 2.4028436018957344,
      "dx": -7.9405506883604176,
      "dy": 91.74289099526064
    },
    "mapping": {
      "ph0": 12,
      "ph1": 14,
      "ph2": 16,
      "ph3": 56,
      "ph4": 58,
      "ph5": 60
    }
  }
}